{
    "train": {
        "bounds": [
            [
                0.1,
                0.9
            ],
            [
                0.1,
                0.9
            ]
        ],
        "sequence_length": 350,
        "default_connectivity_radius": 0.03,
        "dim": 2,
        "dt": 0.0025,
        "nmessage_passing_steps": 10,
        "mean_velocity": [
            -1.52897033982736e-05,
            -0.00018641407460365483
        ],
        "std_velocity": [
            0.0003613888579680708,
            0.0004109958491839317
        ],
        "max_velocity": [
            0.002892792224884033,
            0.0006265789270401001
        ],
        "min_velocity": [
            -0.00301535427570343,
            -0.0030931830406188965
        ],
        "mean_acceleration": [
            -3.16724009550221e-10,
            -1.2514388678215327e-09
        ],
        "std_acceleration": [
            1.1737113871820666e-05,
            1.83622552185094e-05
        ],
        "max_acceleration": [
            0.0005106553435325623,
            0.0008672624826431274
        ],
        "min_acceleration": [
            -0.0008065700531005859,
            -0.00021483004093170166
        ],
        "mean_stress": [
            0.4342203356325626,
            0.01133366429814243,
            0.01133366429814243,
            1.3394049578372327
        ],
        "std_stress": [
            1.1956558182857693,
            0.623984840965712,
            0.623984840965712,
            2.9904128948438946
        ],
        "max_stress": [
            280.9178466796875,
            35.00196838378906,
            35.00196075439453,
            166.67364501953125
        ],
        "min_stress": [
            -5.0944083341164514e-05,
            -48.14540100097656,
            -48.1453857421875,
            -5.09425372001715e-05
        ],
        "mean_deformation_gradient": [
            0.6257100115358496,
            -0.016898336976652124,
            0.016862531875223755,
            0.6250414960793943
        ],
        "std_deformation_gradient": [
            0.5028675972690368,
            0.5967806308363477,
            0.5961598343311186,
            0.5021190865600677
        ],
        "max_deformation_gradient": [
            1.003483533859253,
            1.005195140838623,
            1.0000256299972534,
            1.0007193088531494
        ],
        "min_deformation_gradient": [
            -1.0010052919387817,
            -1.004852533340454,
            -1.0000628232955933,
            -0.9999300241470337
        ]
    },
    "rollout": {
        "bounds": [
            [
                0.1,
                0.9
            ],
            [
                0.1,
                0.9
            ]
        ],
        "sequence_length": 350,
        "default_connectivity_radius": 0.03,
        "dim": 2,
        "dt": 0.0025,
        "nmessage_passing_steps": 10,
        "mean_velocity": [
            -1.52897033982736e-05,
            -0.00018641407460365483
        ],
        "std_velocity": [
            0.0003613888579680708,
            0.0004109958491839317
        ],
        "max_velocity": [
            0.002892792224884033,
            0.0006265789270401001
        ],
        "min_velocity": [
            -0.00301535427570343,
            -0.0030931830406188965
        ],
        "mean_acceleration": [
            -3.16724009550221e-10,
            -1.2514388678215327e-09
        ],
        "std_acceleration": [
            1.1737113871820666e-05,
            1.83622552185094e-05
        ],
        "max_acceleration": [
            0.0005106553435325623,
            0.0008672624826431274
        ],
        "min_acceleration": [
            -0.0008065700531005859,
            -0.00021483004093170166
        ],
        "mean_stress": [
            0.4342203356325626,
            0.01133366429814243,
            0.011333661310455382,
            1.3394049578372327
        ],
        "std_stress": [
            1.1956558182857693,
            0.623984840965712,
            0.6239848301441949,
            2.9904128948438946
        ],
        "max_stress": [
            280.9178466796875,
            35.00196838378906,
            35.00196075439453,
            166.67364501953125
        ],
        "min_stress": [
            -5.0944083341164514e-05,
            -48.14540100097656,
            -48.1453857421875,
            -5.09425372001715e-05
        ],
        "mean_deformation_gradient": [
            0.6257100115358496,
            -0.016898336976652124,
            0.016862531875223755,
            0.6250414960793943
        ],
        "std_deformation_gradient": [
            0.5028675972690368,
            0.5967806308363477,
            0.5961598343311186,
            0.5021190865600677
        ],
        "max_deformation_gradient": [
            1.003483533859253,
            1.005195140838623,
            1.0000256299972534,
            1.0007193088531494
        ],
        "min_deformation_gradient": [
            -1.0010052919387817,
            -1.004852533340454,
            -1.0000628232955933,
            -0.9999300241470337
        ]
    }
}